[
    {
       "id":1,
       "name":"Cafétéria Archimède",
       "place":"Lyon Tech-la Doua Villeurbanne",
       "schedule":"Du lundi au vendredi7h30 à 16h",
       "url":"https://www.crous-lyon.fr/restaurant/cafeteria-archimede/",
       "cp":"69100",
       "address":"7A, avenue Albert Einstein",
       "city":"Villeurbanne",
       "phone":"04 78 93 34 21",
       "img":"https://ephoto.nuonet.fr/link/tjw19o9enk9xelc.jpeg",
       "meals":[
          
       ]
    },
    {
       "id":2,
       "name":"Cafétéria Astrée",
       "place":"Lyon Tech-la Doua Villeurbanne",
       "schedule":"Du lundi au vendredi 7h30 à 16h",
       "url":"https://www.crous-lyon.fr/restaurant/cafeteria-astree/",
       "cp":"69100",
       "address":"6 avenue Gaston Berger",
       "city":"Villeurbanne",
       "phone":"04 72 44 62 76",
       "img":"https://ephoto.nuonet.fr/link/fsv19o9dk6s0f28.jpeg",
       "meals":[
          
       ]
    },
    {
       "id":3,
       "name":"Cafétéria Bistrot de la Manu",
       "place":"Manufacture",
       "schedule":"Cour nord - Sous-sol (bâtiment C) Lundi au jeudi de 7h30 à 18h Vendredi de 7h30 à 17h",
       "url":"https://www.crous-lyon.fr/restaurant/cafeteria-bistrot-de-la-manu/",
       "cp":"69008",
       "address":"6 rue Professeur Rollet",
       "city":"Lyon",
       "phone":"04 72 78 98 74",
       "img":"https://ephoto.nuonet.fr/link/zum19o99ar74wow.jpeg",
       "meals":[
          
       ]
    },
    {
       "id":4,
       "name":"Cafétéria Bistrot de Roanne",
       "place":"Roanne",
       "schedule":"Du lundi au vendredi De 8h30 à 15h",
       "url":"https://www.crous-lyon.fr/restaurant/cafeteria-bistrot-de-roanne/",
       "cp":"42300",
       "address":"12 avenue de Paris",
       "city":"Roanne",
       "phone":"06 10 09 68 11",
       "img":"https://ephoto.nuonet.fr/link/chf19ocgj2hbcv4.jpeg",
       "meals":[
          
       ]
    },
    {
       "id":5,
       "name":"Cafétéria Carnot",
       "place":"Lyon 2ème",
       "schedule":"Du lundi au vendredi 7h30 à 16h00",
       "url":"https://www.crous-lyon.fr/restaurant/cafeteria-carnot/",
       "cp":"69002",
       "address":"23 place Carnot",
       "city":"Lyon",
       "phone":"04 26 84 52 30",
       "img":"https://ephoto.nuonet.fr/link/fca19oc276g8cw0.jpeg",
       "meals":[
          
       ]
    },
    {
       "id":6,
       "name":"Cafétéria Cybercafé de la Doua",
       "place":"Lyon Tech-la Doua Villeurbanne",
       "schedule":"Du lundi au vendredi7h30 à 16h",
       "url":"https://www.crous-lyon.fr/restaurant/cafeteria-cybercafe-de-la-doua/",
       "cp":"69100",
       "address":"24 avenue Gaston Berger",
       "city":"Villeurbanne",
       "phone":"04 72 44 79 52",
       "img":"https://ephoto.nuonet.fr/link/bbn19o9fr8fghxc.jpeg",
       "meals":[
          
       ]
    },
    {
       "id":7,
       "name":"Cafétéria Cybercafé IUT Gratte-Ciel",
       "place":"IUT Gratte Ciel Villeurbanne",
       "schedule":"Du lundi au vendredi7h30 à 15h45",
       "url":"https://www.crous-lyon.fr/restaurant/cafeteria-cybercafe-iut-gratte-ciel/",
       "cp":"69100",
       "address":"17 rue de France",
       "city":"Villeurbanne",
       "phone":"04 78 03 53 48",
       "img":"https://ephoto.nuonet.fr/link/brp19o9h3dx9stc.jpeg",
       "meals":[
          
       ]
    },
    {
       "id":8,
       "name":"Cafétéria des Quais",
       "place":"Les Quais - Berges du Rhône",
       "schedule":"Du lundi au vendredi 7h45 à 16h15",
       "url":"https://www.crous-lyon.fr/restaurant/cafeteria-des-quais/",
       "cp":"69007",
       "address":"4 rue de l'université",
       "city":"Lyon",
       "phone":"04 72 72 98 01",
       "img":"https://ephoto.nuonet.fr/link/zam19obdrhg1s1s.jpeg",
       "meals":[
          
       ]
    },
    {
       "id":9,
       "name":"Cafétéria des Sciences à Saint-Étienne",
       "place":"Saint-Etienne",
       "schedule":"Du lundi au vendredi 9h45 à 14h15",
       "url":"https://www.crous-lyon.fr/restaurant/cafeteria-des-sciences-a-saint-etienne/",
       "cp":"42023",
       "address":"23 rue Paul Michelon",
       "city":"Saint-Étienne Cedex 02",
       "phone":"04 77 30 33 00",
       "img":"https://ephoto.nuonet.fr/link/wau19ocd3jecw74.jpeg",
       "meals":[
          
       ]
    },
    {
       "id":10,
       "name":"Cafétéria Filtre",
       "place":"Porte des Alpes",
       "schedule":"Du lundi au vendrediDe 7h30 à 17h",
       "url":"https://www.crous-lyon.fr/restaurant/cafeteria-filtre/",
       "cp":"69500",
       "address":"5 avenue Pierre Mendès France",
       "city":"Bron",
       "phone":"04 78 77 44 11",
       "img":"https://ephoto.nuonet.fr/link/ban19obkezjvf8g.jpeg",
       "meals":[
          
       ]
    },
    {
       "id":11,
       "name":"Cafétéria Horizon",
       "place":"Lyon 5ème",
       "schedule":"Du lundi au vendredi 7h30 à 14h",
       "url":"https://www.crous-lyon.fr/restaurant/cafeteria-horizon/",
       "cp":"69005",
       "address":"9-11 montée Nicolas de Lange",
       "city":"Lyon",
       "phone":"04 72 77 28 06",
       "img":"https://ephoto.nuonet.fr/link/umv19oc2rg6lw8w.jpeg",
       "meals":[
          
       ]
    },
    {
       "id":12,
       "name":"Cafétéria IUT à Saint-Étienne",
       "place":"Saint-Etienne",
       "schedule":"Du lundi au vendredi7h30 à 14h",
       "url":"https://www.crous-lyon.fr/restaurant/cafeteria-iut-a-saint-etienne/",
       "cp":"42023",
       "address":"28 avenue Léon Jouhaux",
       "city":"Saint-Étienne",
       "phone":"04 77 30 33 00",
       "img":"https://ephoto.nuonet.fr/link/biu19ocbzxgei9s.jpeg",
       "meals":[
          
       ]
    },
    {
       "id":13,
       "name":"Cafétéria Le Corner",
       "place":"Les Quais - Berges du Rhône",
       "schedule":"Du lundi au vendredi 7h45 à 16h",
       "url":"https://www.crous-lyon.fr/restaurant/cafeteria-le-corner/",
       "cp":"69007",
       "address":"1 rue du Professeur Charles Appleton",
       "city":"Lyon",
       "phone":"04 37 37 41 26",
       "img":"https://ephoto.nuonet.fr/link/xgm19u7ovzxzcow.jpeg",
       "meals":[
          
       ]
    },
    {
       "id":14,
       "name":"Cafétéria le Labo",
       "place":"Rockefeller",
       "schedule":"Du lundi au vendredi7h30 à 17h",
       "url":"https://www.crous-lyon.fr/restaurant/cafeteria-le-labo/",
       "cp":"69008",
       "address":"11 rue Guillaume Paradin",
       "city":"Lyon",
       "phone":"04 72 80 13 15",
       "img":"https://ephoto.nuonet.fr/link/axl19obili02m5c.jpeg",
       "meals":[
          
       ]
    },
    {
       "id":15,
       "name":"Cafétéria Le Studio",
       "place":"Lyon Tech-la Doua Villeurbanne",
       "schedule":"Du lundi au vendredi De 7h30 à 17h",
       "url":"https://www.crous-lyon.fr/restaurant/cafeteria-le-studio/",
       "cp":"69100",
       "address":"1 rue de le technologie",
       "city":"Villeurbanne",
       "phone":"",
       "img":"https://ephoto.nuonet.fr/link/hfp19o9gej08oqo.jpeg",
       "meals":[
          
       ]
    },
    {
       "id":16,
       "name":"Cafétéria l’EsCaLe",
       "place":"Ecole Centrale",
       "schedule":"Du lundi au vendredi11h30 à 14h30  et 18h à 20h",
       "url":"https://www.crous-lyon.fr/restaurant/cafeteria-lescale/",
       "cp":"69130",
       "address":"51 chemin des Mouilles",
       "city":"Écully",
       "phone":"",
       "img":"http://www.crous-lyon.fr/wp-content/uploads/sites/33/2022/10/Escale-1.jpg",
       "meals":[
          
       ]
    },
    {
       "id":17,
       "name":"Cafétéria Lyon Sud",
       "place":"Lyon Sud",
       "schedule":"Du lundi au vendredi8h00 à 14h00",
       "url":"https://www.crous-lyon.fr/restaurant/cafeteria-lyon-sud/",
       "cp":"69600",
       "address":"165 chemin du Grand Revoyet",
       "city":"Pierre-Bénite",
       "phone":"04 72 30 27 50",
       "img":"https://ephoto.nuonet.fr/link/kxx19oc4z6b1vk0.jpeg",
       "meals":[
          
       ]
    },
    {
       "id":18,
       "name":"Cafétéria Manufacture à Saint-Étienne",
       "place":"Saint-Etienne",
       "schedule":"Du lundi au vendredi 7h30 à 13h30",
       "url":"https://www.crous-lyon.fr/restaurant/cafeteria-manufacture-a-saint-etienne/",
       "cp":"42000",
       "address":"18 rue du Professeur Benoît Lauras",
       "city":"Saint-Étienne",
       "phone":"04 77 30 33 00",
       "img":"https://ephoto.nuonet.fr/link/oun19ocdiy54s3k.jpeg",
       "meals":[
          
       ]
    },
    {
       "id":19,
       "name":"Cafétéria Médecine à Saint-Étienne",
       "place":"Saint-Etienne",
       "schedule":"Du lundi au vendredi7h30 à 14h30",
       "url":"https://www.crous-lyon.fr/restaurant/cafeteria-medecine-a-saint-etienne/",
       "cp":"42270",
       "address":"10 rue de la Marandière",
       "city":"Saint Priest en Jarez",
       "phone":"04 77 42 14 18",
       "img":"https://ephoto.nuonet.fr/link/wau19ocetc68t34.jpeg",
       "meals":[
          
       ]
    },
    {
       "id":20,
       "name":"Cafétéria Monod",
       "place":"ENS-Gerland",
       "schedule":"8h à 15h",
       "url":"https://www.crous-lyon.fr/restaurant/cafeteria-monod/",
       "cp":"69007",
       "address":"47 allée d'Italie",
       "city":"Lyon",
       "phone":"04 72 72 80 40",
       "img":"https://ephoto.nuonet.fr/link/olp19obnq3cuskg.jpeg",
       "meals":[
          
       ]
    },
    {
       "id":21,
       "name":"Cafétéria Rabelais",
       "place":"Rockefeller",
       "schedule":"Du lundi au vendredi 7h30 à 18h",
       "url":"https://www.crous-lyon.fr/restaurant/cafeteria-rabelais/",
       "cp":"69008",
       "address":"8 avenue Rockefeller",
       "city":"Lyon",
       "phone":"04 78 75 97 04",
       "img":"https://ephoto.nuonet.fr/link/aog19obh971ze1s.jpeg",
       "meals":[
          
       ]
    },
    {
       "id":22,
       "name":"Cafétéria Saint-Paul",
       "place":"Lyon 2ème",
       "schedule":"Du lundi au vendredi 7h30 à 16h30",
       "url":"https://www.crous-lyon.fr/restaurant/cafeteria-saint-paul/",
       "cp":"69002",
       "address":"10 Place des Archives",
       "city":"Lyon",
       "phone":"04 72 32 51 01",
       "img":"https://ephoto.nuonet.fr/link/ngd19ochiwxmzds.jpeg",
       "meals":[
          
       ]
    },
    {
       "id":23,
       "name":"Cafétéria Tréfilerie à Saint-Étienne",
       "place":"Saint-Etienne",
       "schedule":"Du lundi au vendredi 11h à 13h30",
       "url":"https://www.crous-lyon.fr/restaurant/cafeteria-trefilerie-a-saint-etienne/",
       "cp":"42100",
       "address":"Campus Tréfilerie – Bât. A Pôle de vie de campus",
       "city":"Saint-Etienne",
       "phone":"04 77 37 44 52",
       "img":"",
       "meals":[
          
       ]
    },
    {
       "id":24,
       "name":"Le Kiosque à Bron",
       "place":"Porte des Alpes",
       "schedule":"Du lundi au vendredi 7h30 à 17h",
       "url":"https://www.crous-lyon.fr/restaurant/le-kiosque-a-bron/",
       "cp":"69500",
       "address":"5 avenue Pierre Mendès France",
       "city":"Bron",
       "phone":"",
       "img":"https://ephoto.nuonet.fr/link/khg19obl7aak7j4.jpeg",
       "meals":[
          
       ]
    },
    {
       "id":25,
       "name":"Restaurant administratif – Cool Heure Café",
       "place":"",
       "schedule":"Du lundi au vendredi De 11h30 à 13h30",
       "url":"https://www.crous-lyon.fr/restaurant/restaurant-administratif-cool-heure-cafe/",
       "cp":"69008",
       "address":"6 cours Albert Thomas",
       "city":"Lyon",
       "phone":"",
       "img":"",
       "meals":[
          
       ]
    },
    {
       "id":26,
       "name":"Restaurant de Bron",
       "place":"Porte des Alpes",
       "schedule":"Du lundi au vendredi 11h30 à 14h10",
       "url":"https://www.crous-lyon.fr/restaurant/restaurant-de-bron/",
       "cp":"69500",
       "address":"5 avenue Pierre Mendès France",
       "city":"Bron",
       "phone":"04 78 77 30 33/3",
       "img":"https://ephoto.nuonet.fr/link/rew19objnpqd0u8.jpeg",
       "meals":[
          
       ]
    },
    {
       "id":27,
       "name":"Restaurant des Quais",
       "place":"Les Quais - Berges du Rhône",
       "schedule":"Du lundi au vendredi 11h15 à 13h45",
       "url":"https://www.crous-lyon.fr/restaurant/restaurant-des-quais/",
       "cp":"69007",
       "address":"94 rue Pasteur",
       "city":"Lyon",
       "phone":"04 72 80 17 44",
       "img":"https://ephoto.nuonet.fr/link/uro19pyltfo0ku8.jpeg",
       "meals":[
          
       ]
    },
    {
       "id":28,
       "name":"Restaurant Descartes",
       "place":"ENS-Gerland",
       "schedule":"11h30 à 14h",
       "url":"https://www.crous-lyon.fr/restaurant/restaurant-descartes/",
       "cp":"69007",
       "address":"15 parvis René Descartes",
       "city":"Lyon",
       "phone":"04 37 37 61 94",
       "img":"https://ephoto.nuonet.fr/link/xca19obmqjd94zk.jpeg",
       "meals":[
          
       ]
    },
    {
       "id":29,
       "name":"Restaurant École Centrale de Lyon",
       "place":"Ecole Centrale",
       "schedule":"Du lundi au vendredi 11h30 à 13h30",
       "url":"https://www.crous-lyon.fr/restaurant/restaurant-ecole-centrale-de-lyon/",
       "cp":"69130",
       "address":"51 chemin des Mouilles",
       "city":"Ecully",
       "phone":"04 72 18 63 88",
       "img":"https://ephoto.nuonet.fr/link/wlz19oc3b6ec7eo.jpeg",
       "meals":[
          
       ]
    },
    {
       "id":30,
       "name":"Restaurant ENTPE",
       "place":"ENTPE",
       "schedule":"Du lundi au vendredi 11h30 - 13h30",
       "url":"https://www.crous-lyon.fr/restaurant/restaurant-entpe/",
       "cp":"69120",
       "address":"3, rue Maurice Audin",
       "city":"Vaulx-en-Velin",
       "phone":"04 72 04 71 90",
       "img":"https://ephoto.nuonet.fr/link/ajh19o9iqtqf8jk.jpeg",
       "meals":[
          
       ]
    },
    {
       "id":31,
       "name":"Restaurant IUT Gratte-Ciel",
       "place":"IUT Gratte Ciel Villeurbanne",
       "schedule":"Du lundi au vendredi 11h15 - 13h30",
       "url":"https://www.crous-lyon.fr/restaurant/restaurant-iut-gratte-ciel/",
       "cp":"69100",
       "address":"17 rue de France",
       "city":"Villeurbanne",
       "phone":"04 78 03 53 48",
       "img":"https://ephoto.nuonet.fr/link/qxe19o9i90xrrds.jpeg",
       "meals":[
          
       ]
    },
    {
       "id":32,
       "name":"Restaurant Manufacture des Tabacs",
       "place":"Manufacture",
       "schedule":"Espace rue Sud (sous-sol)Du lundi au vendredi 11h15 à 14h15",
       "url":"https://www.crous-lyon.fr/restaurant/restaurant-manufacture-des-tabacs/",
       "cp":"69008",
       "address":"1 avenue des Frères Lumières",
       "city":"Lyon",
       "phone":"04 78 76 15 96",
       "img":"https://www.crous-lyon.fr/wp-content/uploads/sites/16/2023/11/WP_20231020_01_16_08_Pro-scaled.jpg",
       "meals":[
          
       ]
    },
    {
       "id":33,
       "name":"Restaurant Métare à Saint-Étienne",
       "place":"Saint-Etienne",
       "schedule":"Du lundi au vendredi11h à 13h30",
       "url":"https://www.crous-lyon.fr/restaurant/restaurant-metare-a-saint-etienne/",
       "cp":"42023",
       "address":"25 boulevard Paul Michelon",
       "city":"Saint-Étienne Cedex 02",
       "phone":"04 77 30 33 00",
       "img":"https://ephoto.nuonet.fr/link/hdq19oc7la5xrs0.jpeg",
       "meals":[
          
       ]
    },
    {
       "id":34,
       "name":"Restaurant Puvis de Chavannes",
       "place":"",
       "schedule":"11h15 à 13h45",
       "url":"https://www.crous-lyon.fr/restaurant/restaurant-puvis-de-chavannes-2/",
       "cp":"69100",
       "address":"118 boulevard du 11 novembre 1918",
       "city":"Villeurbanne",
       "phone":"",
       "img":"https://ephoto.nuonet.fr/link/lip1ac4xtitp2cg.jpeg",
       "meals":[
          
       ]
    },
    {
       "id":35,
       "name":"Restaurant Rockefeller",
       "place":"Rockefeller",
       "schedule":"Du lundi au vendredi 11h30 à 13h45",
       "url":"https://www.crous-lyon.fr/restaurant/restaurant-rockefeller/",
       "cp":"69008",
       "address":"6 rue Volney",
       "city":"Lyon",
       "phone":"04 78 78 90 80",
       "img":"https://ephoto.nuonet.fr/link/qom19obfi6k9h4w.jpeg",
       "meals":[
          
       ]
    },
    {
       "id":36,
       "name":"Restaurant Tréfilerie à Saint-Étienne",
       "place":"Saint-Etienne",
       "schedule":"Du lundi au vendredi11h à 13h30",
       "url":"https://www.crous-lyon.fr/restaurant/restaurant-trefilerie-a-saint-etienne/",
       "cp":"42100",
       "address":"Campus Tréfilerie – Bât. A Pôle de vie de campus",
       "city":"Saint-Étienne",
       "phone":"04 77 37 44 52",
       "img":"",
       "meals":[
          
       ]
    }
 ]