[
    {
        "id": 1,
        "name": "Foodtruck Libre-Service d’Arsonval – Grenoble",
        "place": "Grenoble centre",
        "schedule": "Lundi au vendredi11h15 - 13h15",
        "url": "https://www.crous-grenoble.fr/restaurant/arsonval-truck-libre-service/",
        "cp": "38000",
        "address": "5 Rue d'Arsonval 38000 Grenoble",
        "city": "Grenoble",
        "phone": "04 76 57 44 96",
        "img": "https://ephoto.nuonet.fr/link/xyg19rjwi8nsuw0.jpg",
        "meals": [],
        "lat": -5.9835728990234225,
        "lon": -1.3630611920834697
    },
    {
        "id": 2,
        "name": "Brasserie Latour-Maubourg – Valence",
        "place": "",
        "schedule": "7h45 -14h00Lundi au vendredi",
        "url": "https://www.crous-grenoble.fr/restaurant/brasserie-latour-maubourg-2/",
        "cp": "26000",
        "address": "3 Place la Tour-Maubourg 26000 Valence",
        "city": "Valence",
        "phone": "",
        "img": "https://ephoto.nuonet.fr/link/dwo19rk0q9umujk.jpg",
        "meals": [],
        "lat": -5.983574789688933,
        "lon": -1.3630661661167904
    },
    {
        "id": 3,
        "name": "RU BriffO’ – Valence",
        "place": "",
        "schedule": "Ouvert du lundi au vendredi de 11h30 à 13h30 (fermé le soir)",
        "url": "https://www.crous-grenoble.fr/restaurant/briffo-3/",
        "cp": "26000",
        "address": "32 Rue Barthelemy de Laffemas 26000 Valence",
        "city": "Valence",
        "phone": "04 75 56 48 18",
        "img": "https://ephoto.nuonet.fr/link/gut19rk0uphvjmo.jpg",
        "meals": [],
        "lat": -5.983574883519834,
        "lon": -1.3630660857800878
    },
    {
        "id": 4,
        "name": "Café des Sciences – Saint-Martin-d’Hères",
        "place": "",
        "schedule": "du lundi au jeudi de 8h00 à 21h00le vendredi de 8h00 à 18h00le samedi de 9h00 à 15h00",
        "url": "https://www.crous-grenoble.fr/restaurant/cafe-des-sciences-3/",
        "cp": "38400",
        "address": "1001 Avenue Centrale 38400 Saint-Martin-d'Hères",
        "city": "Saint-Martin-d'Hères",
        "phone": "",
        "img": "https://ephoto.nuonet.fr/link/cgl19rk17w7vg1s.jpg",
        "meals": [],
        "lat": -5.983572881742434,
        "lon": -1.3630608678371925
    },
    {
        "id": 5,
        "name": "Café Littéraire – Saint-Martin-d’Hères",
        "place": "",
        "schedule": "du lundi au vendredi de 8h00 à 20h00le samedi de 9h00 à 15h00le dimanche lorsque la BU est ouverte de 9h00 à 15h00",
        "url": "https://www.crous-grenoble.fr/restaurant/cafe-litteraire-2/",
        "cp": "38400",
        "address": "1361 Rue des Résidences 38400 Saint-Martin-d'Hères",
        "city": "Saint-Martin-d'Hères",
        "phone": "",
        "img": "https://ephoto.nuonet.fr/link/hix19rk1iripixs.jpg",
        "meals": [],
        "lat": -5.983572893174894,
        "lon": -1.363060852175009
    },
    {
        "id": 6,
        "name": "Cafétéria d’Arsonval – Grenoble",
        "place": "Grenoble centre",
        "schedule": "Du lundi au vendrediMatin : 9h - 10h45 Midi : 11h15 - 13h30",
        "url": "https://www.crous-grenoble.fr/restaurant/cafeteria-darsonval-ferme-actuellement/",
        "cp": "38000",
        "address": "5 Rue d'Arsonval 38000 Grenoble",
        "city": "Grenoble",
        "phone": "04 76 57 44 96",
        "img": "",
        "meals": [],
        "lat": -5.9835728990234225,
        "lon": -1.3630611920834697
    },
    {
        "id": 7,
        "name": "Cafétéria EVE – Bourget-du-Lac",
        "place": "",
        "schedule": "lundi au vendredi : 11h30 à 13h30",
        "url": "https://www.crous-grenoble.fr/restaurant/cafeteria-eve-campus-bourget-du-lac/",
        "cp": "73370",
        "address": "Avenue du lac d'annecy 73370 Le Bourget-du-Lac",
        "city": "Le Bourget-du-Lac",
        "phone": "",
        "img": "",
        "meals": [],
        "lat": -5.983570036844945,
        "lon": -1.3630603950067472
    },
    {
        "id": 8,
        "name": "Cafétéria Hélice – Bourget-du-Lac",
        "place": "",
        "schedule": "7h30 - 11h et 11h30 - 14h30",
        "url": "https://www.crous-grenoble.fr/restaurant/cafeteria-helice-3/",
        "cp": "73370",
        "address": "Avenue du lac d'annecy 73370 Le Bourget-du-Lac",
        "city": "Le Bourget-du-Lac",
        "phone": "",
        "img": "https://ephoto.nuonet.fr/link/czn19rk2boyqzts.jpg",
        "meals": [],
        "lat": -5.983570036844945,
        "lon": -1.3630603950067472
    },
    {
        "id": 9,
        "name": "Cafétéria IUGA – Grenoble",
        "place": "",
        "schedule": "Lundi au vendredi9:30 - 13:30",
        "url": "https://www.crous-grenoble.fr/restaurant/cafeteria-iuga-geographie-2/",
        "cp": "38100",
        "address": "14 Avenue Marie Reynoard 38100 Grenoble",
        "city": "Grenoble",
        "phone": "",
        "img": "https://ephoto.nuonet.fr/link/pwq19rk2st47ee8.jpg",
        "meals": [],
        "lat": -5.983573060885479,
        "lon": -1.3630611187075252
    },
    {
        "id": 10,
        "name": "Cafétéria IUT – Annecy-le-Vieux",
        "place": "",
        "schedule": "8h00-10h45 et 11h30-14h00",
        "url": "https://www.crous-grenoble.fr/restaurant/cafeteria-iut-dannecy-3/",
        "cp": "74940",
        "address": "9 Rue de l'Arc-en-Ciel 74940 Annecy",
        "city": "Annecy",
        "phone": "",
        "img": "",
        "meals": [],
        "lat": -5.9835682130146175,
        "lon": -1.3630587286517837
    },
    {
        "id": 11,
        "name": "Cafétéria Jacob – Jacob-Bellecombette Chambéry",
        "place": "Chambery",
        "schedule": "Du lundi au vendredi, de 11h30 à 14h00",
        "url": "https://www.crous-grenoble.fr/restaurant/cafeteria-jacob/",
        "cp": "55000",
        "address": "Rue Robert Rousselle 55000 Bar-le-Duc",
        "city": "Bar-le-Duc",
        "phone": "",
        "img": "",
        "meals": [],
        "lat": -5.983550780405074,
        "lon": -1.3630657750335191
    },
    {
        "id": 12,
        "name": "Cafétéria La Guérite – La Tronche",
        "place": "",
        "schedule": "Lundi au vendredi : 9:30 - 10:30 et 11:00 - 13:30",
        "url": "https://www.crous-grenoble.fr/restaurant/cafeteria-la-guerite-la-tronche/",
        "cp": "38700",
        "address": "24 Avenue des Maquis du Grésivaudan 38700 La Tronche",
        "city": "La Tronche",
        "phone": "",
        "img": "",
        "meals": [],
        "lat": -5.983572799546831,
        "lon": -1.3630609818599744
    },
    {
        "id": 13,
        "name": "Cafétéria Maison de l’INP – Saint-Martin-d’Hères",
        "place": "",
        "schedule": "du lundi au vendredi de 8h00 à 14h00",
        "url": "https://www.crous-grenoble.fr/restaurant/cafeteria-maison-de-linp-2/",
        "cp": "38400",
        "address": "730 Rue de la Piscine 38400 Saint-Martin-d'Hères",
        "city": "Saint-Martin-d'Hères",
        "phone": "",
        "img": "",
        "meals": [],
        "lat": -5.983572867989313,
        "lon": -1.3630608969797824
    },
    {
        "id": 14,
        "name": "Cafétéria Polytech – Annecy-le-Vieux",
        "place": "",
        "schedule": "Lundi au vendredi 8h00-10h45 et 11h30-14h00",
        "url": "https://www.crous-grenoble.fr/restaurant/cafeteria-polytech-annecy-3/",
        "cp": "74940",
        "address": "2 Allée Louis de Broglie 74940 Annecy",
        "city": "Annecy",
        "phone": "",
        "img": "https://www.crous-grenoble.fr/wp-content/uploads/sites/7/2018/09/polytech.jpg",
        "meals": [],
        "lat": -5.98356821571099,
        "lon": -1.3630587150757458
    },
    {
        "id": 15,
        "name": "Cafétéria Polytech – Bourget-du-Lac",
        "place": "",
        "schedule": "11H30 - 13H30",
        "url": "https://www.crous-grenoble.fr/restaurant/cafeteria-polytech-bourget-3/",
        "cp": "73370",
        "address": "Avenue lac du bourget 73370 Le Bourget-du-Lac",
        "city": "Le Bourget-du-Lac",
        "phone": "",
        "img": "",
        "meals": [],
        "lat": -5.9835700238688005,
        "lon": -1.3630604046770893
    },
    {
        "id": 16,
        "name": "Cafétéria Polytech – Grenoble",
        "place": "Grenoble Agglo",
        "schedule": "Ouverture :de 9h à 16h du lundi au mercredide 9h à 14h30 le jeudide 9h à 15h30 le vendredi",
        "url": "https://www.crous-grenoble.fr/restaurant/cafeteria-polytechgrenoble/",
        "cp": "38400",
        "address": "28 Avenue Benoit Frachon 38400 Saint-Martin-d'Hères",
        "city": "Saint-Martin-d'Hères",
        "phone": "",
        "img": "",
        "meals": [],
        "lat": -5.983572935155312,
        "lon": -1.3630609702127585
    },
    {
        "id": 17,
        "name": "Cafétéria Stendhal – Saint-Martin-d’Hères",
        "place": "",
        "schedule": "du lundi au vendredi de 8h15 à 14h00",
        "url": "https://www.crous-grenoble.fr/restaurant/cafeteria-stendhal-2/",
        "cp": "38400",
        "address": "Rue des Universites 38400 Saint-Martin-d'Hères",
        "city": "Saint-Martin-d'Hères",
        "phone": "",
        "img": "",
        "meals": [],
        "lat": -5.983572906139889,
        "lon": -1.363060869827384
    },
    {
        "id": 18,
        "name": "Cafétéria Ufraps – Saint-Martin-d’Hères",
        "place": "",
        "schedule": "du lundi au vendredi de 7h30 à 14h00",
        "url": "https://www.crous-grenoble.fr/restaurant/cafeteria-ufraps-3/",
        "cp": "38400",
        "address": "Rue de la Piscine 38400 Saint-Martin-d'Hères",
        "city": "Saint-Martin-d'Hères",
        "phone": "",
        "img": "http://www.crous-grenoble.fr/wp-content/uploads/sites/7/2017/01/20170106-102814.jpg",
        "meals": [],
        "lat": -5.983572871285344,
        "lon": -1.3630609157777822
    },
    {
        "id": 19,
        "name": "Crous and Go – Grenoble Ensag",
        "place": "",
        "schedule": "",
        "url": "https://www.crous-grenoble.fr/restaurant/crous-and-go-grenoble-ensag/",
        "cp": "38100",
        "address": "60 Avenue de Constantine 38100 Grenoble",
        "city": "Grenoble",
        "phone": "",
        "img": "",
        "meals": [],
        "lat": -5.983573090294803,
        "lon": -1.3630610836211647
    },
    {
        "id": 20,
        "name": "Crous and Go – Grenoble Maison des étudiants",
        "place": "",
        "schedule": "",
        "url": "https://www.crous-grenoble.fr/restaurant/crous-and-go-grenoble-maison-des-etudiants/",
        "cp": "38000",
        "address": "6 Place Pasteur 38000 Grenoble",
        "city": "Grenoble",
        "phone": "",
        "img": "",
        "meals": [],
        "lat": -5.983572946371778,
        "lon": -1.363061109591553
    },
    {
        "id": 21,
        "name": "Crous and Go – Grenoble Ocellia",
        "place": "Grenoble Agglo",
        "schedule": "",
        "url": "https://www.crous-grenoble.fr/restaurant/crous-go-icm/",
        "cp": "38130",
        "address": "3 Avenue Victor Hugo 38130 Échirolles",
        "city": "Échirolles",
        "phone": "",
        "img": "",
        "meals": [],
        "lat": -5.983573132889927,
        "lon": -1.3630612091496064
    },
    {
        "id": 22,
        "name": "Foodtruck IUT1 Arsonval – Grenoble",
        "place": "",
        "schedule": "",
        "url": "https://www.crous-grenoble.fr/restaurant/crous-truck-bu-droit-et-lettres-3/",
        "cp": "44000",
        "address": "5 Rue d'Arsonval 44000 Nantes",
        "city": "Nantes",
        "phone": "",
        "img": "",
        "meals": [],
        "lat": -5.983562747133417,
        "lon": -1.3631072876726826
    },
    {
        "id": 23,
        "name": "Jacob Café – Jacob-Bellecombette Chambéry",
        "place": "",
        "schedule": "du lundi au jeudi 7h45-15h45 vendredi : 7h45 -15h",
        "url": "https://www.crous-grenoble.fr/restaurant/jacob-cafe-3/",
        "cp": "73000",
        "address": "3 Rue Jean Baptiste Richard 73000 Jacob-Bellecombette",
        "city": "Jacob-Bellecombette",
        "phone": "",
        "img": "http://www.crous-grenoble.fr/wp-content/uploads/sites/7/2017/02/Photos-Jacob-CafSo-006.jpg",
        "meals": [],
        "lat": -5.983570554057613,
        "lon": -1.3630601266984614
    },
    {
        "id": 24,
        "name": "Cafétéria DLST – Saint-Martin-d’Hères",
        "place": "",
        "schedule": "du lundi au vendredi de 7h30 à 14h00",
        "url": "https://www.crous-grenoble.fr/restaurant/kfet-du-dlst-3/",
        "cp": "38400",
        "address": "480 Avenue Centrale 38400 Saint-Martin-d'Hères",
        "city": "Saint-Martin-d'Hères",
        "phone": "",
        "img": "http://www.crous-grenoble.fr//wp-content/uploads/sites/7/2018/06/IMG-2181.jpg",
        "meals": [],
        "lat": -5.983572885518393,
        "lon": -1.3630608963171011
    },
    {
        "id": 25,
        "name": "Kiosque GreEn-ER – Grenoble",
        "place": "",
        "schedule": "9h30 - 14h00",
        "url": "https://www.crous-grenoble.fr/restaurant/kiosque-green-er-2/",
        "cp": "38000",
        "address": "21 Avenue des Martyrs 38000 Grenoble",
        "city": "Grenoble",
        "phone": "",
        "img": "",
        "meals": [],
        "lat": -5.98357283884759,
        "lon": -1.3630612860282065
    },
    {
        "id": 26,
        "name": "La Streetfood Diderot – Saint-Martin-d’Hères",
        "place": "",
        "schedule": "du lundi au vendrediLibre-service Illico presto : 10h - 17h00Point burger : 11h20 - 14h00Dolce vita : 11h20 - 14h00 Pause gourmande : 8h00 - 17h00",
        "url": "https://www.crous-grenoble.fr/restaurant/la-street-food-diderot-3/",
        "cp": "38400",
        "address": "40 Rue des Universites 38400 Saint-Martin-d'Hères",
        "city": "Saint-Martin-d'Hères",
        "phone": "",
        "img": "",
        "meals": [],
        "lat": -5.983572889872032,
        "lon": -1.3630608727351847
    },
    {
        "id": 27,
        "name": "Libre-Service InBox  – Saint-Martin-d’Hères",
        "place": "",
        "schedule": "du lundi au vendredi de 9h00 à 14h00",
        "url": "https://www.crous-grenoble.fr/restaurant/libre-service-in-box-3/",
        "cp": "38610",
        "address": "Rue de la Papeterie 38610 Gières",
        "city": "Gières",
        "phone": "",
        "img": "",
        "meals": [],
        "lat": -5.9835728356542806,
        "lon": -1.3630608417822079
    },
    {
        "id": 28,
        "name": "Libre-service L’Intermède – Saint-Martin-d’Hères",
        "place": "",
        "schedule": "du lundi au vendredi de 8h00 à 20h00",
        "url": "https://www.crous-grenoble.fr/restaurant/libre-service-lintermede/",
        "cp": "38400",
        "address": "Avenue Centrale 38400 Saint-Martin-d'Hères",
        "city": "Saint-Martin-d'Hères",
        "phone": "",
        "img": "",
        "meals": [],
        "lat": -5.9835728838349915,
        "lon": -1.3630608844180776
    },
    {
        "id": 29,
        "name": "L’Oiseau Blanc – Saint-Martin-d’Hères",
        "place": "",
        "schedule": "",
        "url": "https://www.crous-grenoble.fr/restaurant/loiseau-blanc-3/",
        "cp": "38400",
        "address": "40 Rue des Universites 38400 Saint-Martin-d'Hères",
        "city": "Saint-Martin-d'Hères",
        "phone": "04 76 82 40 80",
        "img": "",
        "meals": [],
        "lat": -5.983572889872032,
        "lon": -1.3630608727351847
    },
    {
        "id": 30,
        "name": "Mandela Café – Grenoble",
        "place": "",
        "schedule": "Lundi au vendredi9h30 à 13h30",
        "url": "https://www.crous-grenoble.fr/restaurant/mandela-cafe-2/",
        "cp": "38000",
        "address": "Rue Félix Esclangon 38000 Grenoble",
        "city": "Grenoble",
        "phone": "",
        "img": "http://appli.crous-grenoble.fr/fichiers/image/restaurant/minatec_ru.jpg",
        "meals": [],
        "lat": -5.983572892101586,
        "lon": -1.3630612497181165
    },
    {
        "id": 31,
        "name": "Pizzeria l’Hélice – Bourget-du-Lac",
        "place": "",
        "schedule": "midi : 11h30 - 13h30soir : 18h30 - 19h30 (uniquement le jeudi)",
        "url": "https://www.crous-grenoble.fr/restaurant/pizzeria-de-lhelice-2/",
        "cp": "73370",
        "address": "Avenue du lac d'annecy 73370 Le Bourget-du-Lac",
        "city": "Le Bourget-du-Lac",
        "phone": "",
        "img": "",
        "meals": [],
        "lat": -5.983570036844945,
        "lon": -1.3630603950067472
    },
    {
        "id": 32,
        "name": "Pizzéria Tutti Quanti – Saint-Martin-d’Hères",
        "place": "",
        "schedule": "du lundi au vendredi de 8h00 à 21h00",
        "url": "https://www.crous-grenoble.fr/restaurant/pizzeria-tutti-quanti-2/",
        "cp": "38400",
        "address": "21 allée condillac 38400 Saint-Martin-d'Hères",
        "city": "Saint-Martin-d'Hères",
        "phone": "",
        "img": "http://www.crous-grenoble.fr/wp-content/uploads/sites/7/2014/09/TuttiQuanti-Web.jpg",
        "meals": [],
        "lat": -5.983572900426885,
        "lon": -1.3630608409990161
    },
    {
        "id": 33,
        "name": "Restaurant agrée – Centre Hospitalier Annecy Genevois – IFSI",
        "place": "",
        "schedule": "",
        "url": "https://www.crous-grenoble.fr/restaurant/restaurant-agree-centre-hospitalier-annecy-genevois-ifsi/",
        "cp": "74370",
        "address": "1 Avenue de l’Hôpital 74370 Epagny Metz-Tessy",
        "city": "Epagny Metz-Tessy",
        "phone": "",
        "img": "",
        "meals": [],
        "lat": -5.98356813984499,
        "lon": -1.3630589626889085
    },
    {
        "id": 34,
        "name": "Restaurant agrée – Centre Hospitalier Ardèche Nord",
        "place": "",
        "schedule": "",
        "url": "https://www.crous-grenoble.fr/restaurant/restaurant-agree-centre-hospitalier-ardeche-nord/",
        "cp": "07100",
        "address": "1 Rue du Bon Pasteur 07100 Annonay",
        "city": "Annonay",
        "phone": "",
        "img": "",
        "meals": [],
        "lat": -5.983572952031827,
        "lon": -1.363067755131327
    },
    {
        "id": 35,
        "name": "Restaurant agrée – Centre Hospitalier d’Ardèche Méridionale – IFSI",
        "place": "",
        "schedule": "",
        "url": "https://www.crous-grenoble.fr/restaurant/restaurant-agree-centre-hospitalier-dardeche-meridionale-ifsi/",
        "cp": "07200",
        "address": "Avenue de Bellande 07200 Aubenas",
        "city": "Aubenas",
        "phone": "",
        "img": "",
        "meals": [],
        "lat": -5.983576987500517,
        "lon": -1.363069224410958
    },
    {
        "id": 36,
        "name": "Restaurant agrée – Centre Hospitalier Pierre OUDOT",
        "place": "",
        "schedule": "",
        "url": "https://www.crous-grenoble.fr/restaurant/restaurant-agree-centre-hospitalier-pierre-oudot/",
        "cp": "38300",
        "address": "30 Avenue du Médipôle 38300 Bourgoin-Jallieu",
        "city": "Bourgoin-Jallieu",
        "phone": "",
        "img": "",
        "meals": [],
        "lat": -5.983570542429781,
        "lon": -1.3630642767248105
    },
    {
        "id": 37,
        "name": "Restaurant agrée – Hopitaux du Léman – CHR Thonon",
        "place": "",
        "schedule": "",
        "url": "https://www.crous-grenoble.fr/restaurant/restaurant-agree-hopitaux-du-leman-chr-thonon/",
        "cp": "74200",
        "address": "3 Avenue de la Dame 74200 Thonon-les-Bains",
        "city": "Thonon-les-Bains",
        "phone": "",
        "img": "",
        "meals": [],
        "lat": -5.98356535926635,
        "lon": -1.3630568652976651
    },
    {
        "id": 38,
        "name": "Restaurant agrée – IFSI de Privas",
        "place": "",
        "schedule": "",
        "url": "https://www.crous-grenoble.fr/restaurant/restaurant-agree-ifsi-de-privas/",
        "cp": "07000",
        "address": "19 Cours du Temple 07000 Privas",
        "city": "Privas",
        "phone": "",
        "img": "",
        "meals": [],
        "lat": -5.983576146089902,
        "lon": -1.363068024467546
    },
    {
        "id": 39,
        "name": "Restaurant agrée – Lycée Galilée",
        "place": "",
        "schedule": "",
        "url": "https://www.crous-grenoble.fr/restaurant/restaurant-agree-lycee-galilee/",
        "cp": "38200",
        "address": "124 Avenue Général Leclerc 38200 Vienne",
        "city": "Vienne",
        "phone": "",
        "img": "",
        "meals": [],
        "lat": -5.983571252589432,
        "lon": -1.3630666691020579
    },
    {
        "id": 40,
        "name": "Restaurant agrée – Lycée Louis LACHENAL",
        "place": "",
        "schedule": "",
        "url": "https://www.crous-grenoble.fr/restaurant/restaurant-agree-lycee-louis-lachenal/",
        "cp": "74370",
        "address": "335 Route de champ farcon 74370 Argonay",
        "city": "Argonay",
        "phone": "",
        "img": "",
        "meals": [],
        "lat": -5.983568110921623,
        "lon": -1.3630588679138527
    },
    {
        "id": 41,
        "name": "RU Condillac – Saint-Martin-d’Hères",
        "place": "",
        "schedule": "du lundi au vendredi de 11h20 à 13h45",
        "url": "https://www.crous-grenoble.fr/restaurant/ru-condillac-3/",
        "cp": "38400",
        "address": "115 allée condillac 38400 Saint-Martin-d'Hères",
        "city": "Saint-Martin-d'Hères",
        "phone": "04 76 82 76 38",
        "img": "http://appli.crous-grenoble.fr/fichiers/image/restaurant/rucondillac_tb.jpg",
        "meals": [],
        "lat": -5.983572902793175,
        "lon": -1.363060843120691
    },
    {
        "id": 42,
        "name": "RU d’Annecy – Annecy-le-Vieux",
        "place": "",
        "schedule": "lundi au vendredide 11h30 à 13h30",
        "url": "https://www.crous-grenoble.fr/restaurant/ru-dannecy-3/",
        "cp": "74940",
        "address": "3 Chemin de Bellevue 74940 Annecy",
        "city": "Annecy",
        "phone": "04 79 25 35 23",
        "img": "",
        "meals": [],
        "lat": -5.983568220793286,
        "lon": -1.363058711307175
    },
    {
        "id": 43,
        "name": "RU d’Arsonval – Grenoble",
        "place": "Grenoble centre",
        "schedule": "Lundi au vendredi11h15 - 13h30",
        "url": "https://www.crous-grenoble.fr/restaurant/ru-darsonval-ferme-actuellement/",
        "cp": "38000",
        "address": "5 Rue d'Arsonval 38000 Grenoble",
        "city": "Grenoble",
        "phone": "04 76 57 44 96",
        "img": "https://appli.crous-grenoble.fr/fichiers/image/restaurant/Arsonval.JPG",
        "meals": [],
        "lat": -5.9835728990234225,
        "lon": -1.3630611920834697
    },
    {
        "id": 44,
        "name": "RU Jacob-Bellecombette – Jacob-Bellecombette Chambéry",
        "place": "",
        "schedule": "Le midi, du lundi au vendredi : de 11h20 à 13h45",
        "url": "https://www.crous-grenoble.fr/restaurant/ru-de-jacob-bellecombette-3/",
        "cp": "55000",
        "address": "Rue Robert Rousselle 55000 Bar-le-Duc",
        "city": "Bar-le-Duc",
        "phone": "",
        "img": "http://appli.crous-grenoble.fr/fichiers/image/chambery/RestoU_2.jpg",
        "meals": [],
        "lat": -5.983550780405074,
        "lon": -1.3630657750335191
    },
    {
        "id": 45,
        "name": "RU Diderot – Saint-Martin-d’Hères",
        "place": "",
        "schedule": "du lundi au vendredi de 11h20 à 13h45",
        "url": "https://www.crous-grenoble.fr/restaurant/ru-diderot-3/",
        "cp": "38400",
        "address": "Rue des Universites 38400 Saint-Martin-d'Hères",
        "city": "Saint-Martin-d'Hères",
        "phone": "04 76 82 40 86",
        "img": "https://ephoto.nuonet.fr/link/jdu19lcvlucyuww.jpg",
        "meals": [],
        "lat": -5.983572906139889,
        "lon": -1.363060869827384
    },
    {
        "id": 46,
        "name": "RU du Home des Etudiants – Grenoble",
        "place": "",
        "schedule": "Lundi au Vendredi11h30 - 13h30",
        "url": "https://www.crous-grenoble.fr/restaurant/ru-du-home-des-etudiants-2/",
        "cp": "38000",
        "address": "2 Avenue Général Champon 38000 Grenoble",
        "city": "Grenoble",
        "phone": "04 76 56 74 03",
        "img": "",
        "meals": [],
        "lat": -5.983572950732923,
        "lon": -1.363061106337013
    },
    {
        "id": 47,
        "name": "RU GreEn-ER – Grenoble",
        "place": "",
        "schedule": "Du lundi au vendrediPour le RU  11h30 - 13h30",
        "url": "https://www.crous-grenoble.fr/restaurant/ru-green-3/",
        "cp": "38000",
        "address": "21 Avenue des Martyrs 38000 Grenoble",
        "city": "Grenoble",
        "phone": "",
        "img": "https://www.crous-grenoble.fr/wp-content/uploads/sites/7/2015/09/RuGreen2-199x300.jpg",
        "meals": [],
        "lat": -5.98357283884759,
        "lon": -1.3630612860282065
    },
    {
        "id": 48,
        "name": "RU La Chautagne – Bourget-du-Lac",
        "place": "",
        "schedule": "midi : 11h30 - 13h30soir : 18h30 - 19h30 (lun. au mer.)",
        "url": "https://www.crous-grenoble.fr/restaurant/ru-la-chautagne-3/",
        "cp": "73370",
        "address": "Allée lac de côme 73370 Le Bourget-du-Lac",
        "city": "Le Bourget-du-Lac",
        "phone": "04 79 25 23 83",
        "img": "",
        "meals": [],
        "lat": -5.983570030166576,
        "lon": -1.363060372209006
    },
    {
        "id": 49,
        "name": "RU Le Cadran Solaire – La Tronche",
        "place": "",
        "schedule": "Du lundi au vendredi : 11:30 - 13:30",
        "url": "https://www.crous-grenoble.fr/restaurant/ru-le-cadran-solaire-la-tronche/",
        "cp": "38700",
        "address": "24 Avenue des Maquis du Grésivaudan 38700 La Tronche",
        "city": "La Tronche",
        "phone": "",
        "img": "",
        "meals": [],
        "lat": -5.983572799546831,
        "lon": -1.3630609818599744
    },
    {
        "id": 50,
        "name": "RU L’Epicéa – Saint-Martin-d’Hères",
        "place": "",
        "schedule": "du lundi au vendredi de 11h 20 à 13h45",
        "url": "https://www.crous-grenoble.fr/restaurant/ru-lepicea-3/",
        "cp": "38400",
        "address": "Dom Universit Voie 1 à 38400 Saint-Martin-d'Hères",
        "city": "Saint-Martin-d'Hères",
        "phone": "",
        "img": "",
        "meals": [],
        "lat": -5.983572882538511,
        "lon": -1.3630608735271705
    },
    {
        "id": 51,
        "name": "RU L’Intermède – Saint-Martin-d’Hères",
        "place": "",
        "schedule": "du lundi au vendredi de 11h10 à 13h45",
        "url": "https://www.crous-grenoble.fr/restaurant/ru-lintermede/",
        "cp": "38400",
        "address": "Avenue Centrale 38400 Saint-Martin-d'Hères",
        "city": "Saint-Martin-d'Hères",
        "phone": "",
        "img": "https://www.crous-grenoble.f/wp-content/uploads/sites/7/2018/01/INTERMEZZO.jpg",
        "meals": [],
        "lat": -5.9835728838349915,
        "lon": -1.3630608844180776
    },
    {
        "id": 52,
        "name": "RU Minatec – Grenoble",
        "place": "",
        "schedule": "Lundi au vendredi11h30 - 13h30",
        "url": "https://www.crous-grenoble.fr/restaurant/ru-minatec-2/",
        "cp": "38000",
        "address": "61 Rue Félix Esclangon 38000 Grenoble",
        "city": "Grenoble",
        "phone": "",
        "img": "",
        "meals": [],
        "lat": -5.983572885892148,
        "lon": -1.3630612405773557
    },
    {
        "id": 53,
        "name": "RU Tom Morel – Annecy-le-Vieux",
        "place": "Annecy",
        "schedule": "lundi au vendredide 11h30 à 13h30",
        "url": "https://www.crous-grenoble.fr/restaurant/ru-tom-morel/",
        "cp": "38610",
        "address": "Domaine universitaire 38610 Gières",
        "city": "Gières",
        "phone": "04 50 09 53 08",
        "img": "",
        "meals": [],
        "lat": -5.983572859502649,
        "lon": -1.3630608424300772
    }
]